row_id,cell_id,discharge_capacity_cycle_1,discharge_capacity_cycle_9,discharge_capacity_cycle_99,discharge_capacity_max_cycle_0_to_99,discharge_capacity_delta_cycle_0_to_99,discharge_capacity_slope_cycle_0_to_99,discharge_capacity_intercept_cycle_0_to_99,discharge_capacity_max_cycle_91_to_99,discharge_capacity_delta_cycle_91_to_99,discharge_capacity_slope_cycle_91_to_99,discharge_capacity_intercept_cycle_91_to_99,discharge_discharge_capacity_curve_delta_identity_min_cycle_99_minus_9,discharge_discharge_capacity_curve_delta_identity_mean_cycle_99_minus_9,discharge_discharge_capacity_curve_delta_identity_var_cycle_99_minus_9,discharge_discharge_capacity_curve_delta_identity_skew_cycle_99_minus_9,discharge_discharge_capacity_curve_delta_identity_sum_abs_cycle_99_minus_9,discharge_discharge_capacity_curve_delta_identity_sum_sq_cycle_99_minus_9,discharge_discharge_capacity_curve_delta_log_abs_min_cycle_99_minus_9,discharge_discharge_capacity_curve_delta_log_abs_mean_cycle_99_minus_9,discharge_discharge_capacity_curve_delta_log_abs_var_cycle_99_minus_9,discharge_discharge_capacity_curve_delta_log_abs_skew_cycle_99_minus_9,discharge_discharge_capacity_curve_delta_log_abs_sum_abs_cycle_99_minus_9,discharge_discharge_capacity_curve_delta_log_abs_sum_sq_cycle_99_minus_9
0,surrogate_cell_00000,1.0522928,1.0564919,1.0541875,1.5322578,-0.47807029999999995,-0.0003025285766576673,1.0755972915445544,1.0545979,-0.00020669999999989308,-3.833499999996851e-05,1.0580394027777744,-0.022412120714004002,-0.009725099868391467,9.697091743913516e-05,-0.15413780090035853,9.839337686140004,0.19154848488932283,-6.426191750890236,-2.7593500267188946,1.298864101017492,-0.4946380350407084,2759.3500267188947,8912.876670971058
1,surrogate_cell_00001,1.0550736,1.0592695,1.05897,1.545769,-0.486799,-0.00028803766456646224,1.0789776903960397,1.0592129,-0.00022410000000006036,-9.623333333306132e-06,1.060045661111108,-0.016644656501287325,-0.005525881555492678,5.291935018394346e-05,-0.45041270202384975,6.235791335771707,0.08345471714927763,-5.783215409858418,-2.8084842886448214,0.9405485446612681,-0.7596604408025496,2808.4842886448214,8828.132544226079
2,surrogate_cell_00002,1.053073,1.0578543,1.0575666,1.5421211,-0.4845545,-0.0002841118271827205,1.0773586434455447,1.0579516,-0.0003850000000000797,-4.624666666662047e-05,1.0622110888888838,-0.02058523801910983,-0.007389709192026676,7.99418711736183e-05,-0.3758922968065144,7.97051821090481,0.13454967311634186,-6.182981790564946,-2.721166793976745,0.932406636697514,-0.5652257694714495,2721.166793976745,8337.155357339192
3,surrogate_cell_00003,1.0577432,1.0621078,1.0607857,1.5526532,-0.4918674999999999,-0.00030138526672667735,1.0819676677029708,1.0610487,-0.0002629999999999022,-2.691499999994616e-05,1.0635143361111055,-0.013249752922710023,-0.0016070782110164435,4.848845433011732e-05,-0.24451024979798724,5.053673208957263,0.05107115470644113,-6.902645781520273,-2.7289568708574405,0.5552278051536821,-0.4383079138325275,2728.9568708574407,8002.433408153717
4,surrogate_cell_00004,1.0791575,1.0828794,1.0801687,1.567601,-0.48743230000000004,-0.0003101855217521826,1.1021338733267332,1.0809621,-0.0007934000000000552,-9.866666666663019e-05,1.0899196444444408,-0.01787852972800197,-0.008672398729065578,5.936312153470525e-05,0.1034955847558033,8.749997050795475,0.13457362125060354,-5.8033209835819095,-2.6279368321971095,0.9889098719367712,-0.8094119417774015,2627.9368321971097,7894.961865954951
5,surrogate_cell_00005,1.0542371,1.0571291,1.0559855,1.5491842,-0.4931987,-0.0003024965982598332,1.076837670613862,1.0562232,-0.00023770000000000735,-2.9818333333306e-05,1.0589382416666637,-0.029226719977549553,-0.013063522179389735,0.00015949510109402573,-0.09383885428210408,13.127943742837338,0.3301507128254333,-6.393297931761085,-2.6852032036304077,1.510978939392783,-0.5691059799971265,2685.2032036304076,8721.295184179788
6,surrogate_cell_00006,1.0439922,1.0488098,1.0483464,1.540329,-0.49198260000000005,-0.00029132497209721477,1.068544552118812,1.0486426,-0.00017519999999993097,-1.0633333333282962e-05,1.049563644444439,-0.023049114366030188,-0.008064183422604043,0.00010989002657035241,-0.2687331782871806,9.336201397432589,0.17492108084375427,-5.491386642506536,-2.6120482934372364,0.9038592671255629,-0.623784514549562,2612.048293437236,7726.65555437394
7,surrogate_cell_00007,1.0722029,1.0763844,1.0738052,1.5598054,-0.4860001999999999,-0.0003089493675367608,1.0955300806930695,1.0742022,-0.0003969999999999807,-4.927333333327133e-05,1.0786811888888823,-0.04969525268326147,-0.02419193691688891,0.0004794621685976818,0.07100440782129591,24.19749332822497,1.0647119803884142,-5.363000093815411,-2.447474045135092,1.7173267114222586,-0.677563766116255,2447.4740451350917,7707.45591303219
8,surrogate_cell_00008,1.070062,1.073041,1.0714115,1.5561621,-0.48475060000000014,-0.00030108645004500793,1.092512240277228,1.0718157,-0.0004041999999999657,-5.147499999996349e-05,1.0764628472222182,-0.04048567590254082,-0.019350358322807078,0.0003080654048258779,0.0553547518703144,19.36912476797596,0.6825017720469071,-6.056924830216148,-2.5528925047962145,1.841955394375032,-0.857290999274473,2552.8925047962143,8359.215535419722
9,surrogate_cell_00009,1.0730541,1.0770957,1.075511,1.5617932,-0.4862822,-0.0003004880204020468,1.0963829090099018,1.075767,-0.00025599999999981193,-3.008333333326831e-05,1.0785074499999932,-0.025536536670521137,-0.011390343537884286,0.00011769636076801559,-0.07768992358217217,11.425722505637774,0.24743628667903794,-6.311028808723992,-2.7203826155877024,1.4902747112469181,-0.6768430211887116,2720.3826155877023,8890.756286438707
10,surrogate_cell_00010,1.0313729,1.0367346,1.0378237,1.5050322,-0.46720850000000014,-0.0002586324116411669,1.0556335523762377,1.0381793,-0.00034740000000010873,-4.5394999999957806e-05,1.04233756944444,-0.02427738752148223,-0.008676768175336153,9.969596749244232e-05,-0.4573079833543993,8.871697993379072,0.17498227346096862,-5.328180132179433,-2.7629791940234227,1.0314317902709471,-0.25451834258325234,2762.9791940234227,8665.48581687727
11,surrogate_cell_00011,1.0396895,1.0469475,1.0479531,1.5172178,-0.4692647000000001,-0.0002579138775877644,1.0657091879405944,1.0483116,-0.0003223000000001086,-4.453166666658974e-05,1.0523500194444364,-0.02249664041156907,-0.00865321948653079,0.00010315212577007463,-0.26460807211608245,9.335059015831764,0.17803033325215084,-5.875526874797406,-2.6711917126254483,1.0558832273712904,-0.7296849052470394,2671.1917126254484,8191.14839297017
12,surrogate_cell_00012,1.0534149,1.058342,1.0598953,1.5398018,-0.4799065,-0.00026183180438043983,1.077667720316832,1.0600562,-0.00012630000000002362,-1.5144999999943957e-05,1.061429486111105,-0.029611109109876854,-0.011983867724310853,0.00015467823786245906,-0.28556656111678314,12.001320283162917,0.29829132349623844,-6.678763940680964,-3.0117397576306795,2.3549716358186603,-0.5035185908096854,3011.7397576306794,11425.548003511962
13,surrogate_cell_00013,1.0385963,1.0452957,1.0469964,1.5138826,-0.46688620000000003,-0.00024845092169217733,1.0641072576237627,1.0473344,-0.00033799999999994945,-4.48116666665935e-05,1.0514255861111035,-0.022641836566054785,-0.00865980937869473,9.788638715216753e-05,-0.31385006241364083,9.070056837183943,0.17287868562749675,-5.199644933524226,-2.6721190322583563,0.8787777129344643,-0.1903001031638538,2672.119032258356,8018.9978354917985
14,surrogate_cell_00014,1.0279111,1.0336059,1.0340869,1.5043811,-0.4702942000000001,-0.0002678225598559898,1.0525209567128715,1.0342933,-0.00018020000000018577,-2.4059999999972858e-05,1.0364454333333302,-0.02249139428831437,-0.007128991445548549,8.43919126801763e-05,-0.5850362578518088,7.6989541589453365,0.13521443171088068,-6.149491249237055,-2.7831667754662996,0.9832225324261501,-0.3980385194364499,2783.1667754662994,8729.23983248563
15,surrogate_cell_00015,1.032864,1.0388833,1.0394272,1.5103087,-0.47088149999999995,-0.00026667941494149596,1.0578324600396039,1.0396132,-0.00014969999999991934,-2.270499999994156e-05,1.0416398194444383,-0.020244419433199767,-0.00612858556741572,7.224496185562477e-05,-0.547859827057378,7.0848624465023144,0.10980452291276104,-4.797276081797987,-2.6597052622461765,0.6377709861365902,-0.18385818028976153,2659.7052622461765,7711.803068156591
16,surrogate_cell_00016,1.0785199,1.0823331,1.080889,1.5689918,-0.48810280000000006,-0.00029902120312031897,1.1016586825544559,1.0810874,-0.00012659999999997673,-1.2983333333253814e-05,1.0822187388888809,-0.02487772618217654,-0.011315885843680132,0.00011175192507223883,-0.036755899399307894,11.405766338127762,0.23980119749943923,-6.0469469152204915,-2.57807729391876,1.0783005202594245,-0.5896299473126191,2578.07729391876,7724.783053678901
17,surrogate_cell_00017,1.0521789,1.0554293,1.0549533,1.5511949,-0.49624160000000006,-0.00029454362796280635,1.0753681695841588,1.0553797,-0.0002634999999999721,-3.606666666664199e-05,1.0585714555555525,-0.026841699776502193,-0.010865421708555416,0.0001342012470821938,-0.27903546692040176,10.973747794737694,0.2522586359869411,-5.3426930421782295,-2.7767570179397905,1.345731376426304,-0.28861709451209494,2776.7570179397903,9056.110913104181
18,surrogate_cell_00018,1.0411249,1.0453142,1.0441235,1.5234953,-0.4793718,-0.0002913791383138408,1.0642852973465353,1.0443537,-0.00019579999999996822,-2.2508333333293383e-05,1.0464143138888844,-0.031166969774874098,-0.012038807563018797,0.00017149483139286718,-0.36934330241783575,12.141130253448406,0.3164277189322658,-7.182412833966319,-2.816418107733648,1.5673708830113942,-0.3112171292837859,2816.418107733648,9499.581840581375
19,surrogate_cell_00019,1.0386913,1.0423111,1.0425557,1.532091,-0.4895353,-0.0002840846432643295,1.0618622498415846,1.0427657,-0.00017009999999983982,-2.3534999999951012e-05,1.0448903694444391,-0.018968283990385748,-0.0067744048142680145,7.15951239091554e-05,-0.37264535491972095,7.425708580613357,0.11748768449673307,-5.096578148160659,-2.7484173864746797,0.8829986843530705,-0.32516353318818114,2748.41738647468,8436.796814629379
20,surrogate_cell_00020,1.0536847,1.0585938,1.0590725,1.541219,-0.4821464999999998,-0.0002754976747674815,1.0779215639009903,1.0592787,-0.00018099999999998673,-2.2278333333263246e-05,1.061316919444437,-0.026648878131273812,-0.010361986607524458,0.00012851352912947545,-0.3411558459343425,10.485893885868013,0.23588429558399163,-5.869324693453227,-2.85198657679788,1.428999496432324,-0.18275696471143857,2851.98657679788,9562.826930667612
21,surrogate_cell_00021,1.0502791,1.0550421,1.0548979,1.5397648,-0.4848668999999999,-0.00027877246384638957,1.074365275960396,1.056036,-0.001101099999999855,-0.00013180999999994178,1.0679637722222162,-0.026145992490718695,-0.0107222676382551,0.00012759681403702255,-0.24493738121761227,10.867676596937615,0.24256383734339518,-6.563289976695212,-2.725066399320459,1.241083633412295,-0.3603259998136485,2725.066399320459,8667.070514117666
22,surrogate_cell_00022,1.0675536,1.0716842,1.070365,1.5598278,-0.4894628000000001,-0.00029566795199520375,1.0908171656237624,1.0707653,-0.00040029999999990906,-5.773833333329296e-05,1.076015708333329,-0.0372775169314139,-0.01631715978814318,0.00025342734126348646,-0.1449093791047433,16.371501536014026,0.5196770448152832,-5.426503329849142,-2.549255135235107,1.3943498797796245,-0.6126557937692132,2549.255135235107,7893.051624302188
23,surrogate_cell_00023,1.0564475,1.0626559,1.0634153,1.541734,-0.4783187,-0.0002645680048004795,1.0817377582376237,1.0638515,-0.0004361999999999977,-5.122833333326637e-05,1.0685516805555482,-0.022846221058523075,-0.008643876705773077,9.21140583217637e-05,-0.362981612529351,8.79631864823017,0.16683066282637013,-6.728818406327881,-2.874159579721548,1.3866001073444285,-0.440938151756672,2874.1595797215477,9647.393397049571
24,surrogate_cell_00024,1.0586534,1.0640655,1.0657854,1.5433825,-0.4775971000000001,-0.00025586010081008555,1.0830576769900992,1.0660201,-0.0002347000000000321,-2.1883333333308977e-05,1.067968216666664,-0.019451617968022195,-0.006613217960301687,6.935632800877672e-05,-0.4294487029614845,7.273195727243481,0.11309097979923351,-5.644086661881773,-2.7150533800069843,0.7877225089162191,-0.28437449799473763,2715.0533800069843,8159.237365203569
25,surrogate_cell_00025,1.041629,1.046301,1.0479178,1.5274396,-0.4795217999999999,-0.000262449449144923,1.0657114607326736,1.0482726,-0.00021319999999991346,-3.8093333333281614e-05,1.0516807222222169,-0.02588021731746626,-0.009239326114434173,0.00011261843548040148,-0.46379961425052035,9.45130550310417,0.19798358252926673,-5.480057957523914,-2.782649299692814,1.1651376082481184,-0.28997202221506385,2782.6492996928137,8908.274733329024
26,surrogate_cell_00026,1.0436891,1.0493561,1.0497926,1.5307918,-0.48099920000000007,-0.000275075189918993,1.0685327459009903,1.0500013,-0.0001497000000001414,-2.4510000000007648e-05,1.0521767500000003,-0.019784509907631143,-0.006823169431944464,7.296863418240116e-05,-0.44263220724251595,7.395482777927401,0.11952427527942251,-5.457575454386073,-2.790811695236391,0.9645515744884507,-0.33988358799704466,2790.8116952363907,8753.181492756668
27,surrogate_cell_00027,1.0582594,1.0636301,1.0629647,1.5390875,-0.47612279999999996,-0.0002822492745274602,1.0825026090891092,1.0632826,-0.00030730000000001034,-4.427499999994906e-05,1.0673282916666613,-0.029151201222955225,-0.013631190087581232,0.00015718324632832143,0.019213351572194403,13.732107672202442,0.3429925895320942,-5.353168241142742,-2.5017169909958894,1.0915945384651173,-0.549855979389999,2501.7169909958893,7350.182441502642
28,surrogate_cell_00028,1.0482531,1.0543406,1.0546281,1.5405442,-0.4859161000000001,-0.00027669633063306584,1.0741098313663369,1.0550267,-0.0003986000000000267,-5.9333333333279906e-05,1.0603551222222165,-0.026183722764856143,-0.01087630253590225,0.00012620477623226893,-0.21634533857127564,10.997720719327514,0.24449873308474268,-5.78248678341788,-2.7049439249788825,1.212710658182621,-0.34292092839225463,2704.9439249788825,8529.432295462782
29,surrogate_cell_00029,1.0532831,1.0584531,1.0601137,1.5378351,-0.47772139999999985,-0.0002593934143414393,1.0775272330099013,1.0603595,-8.269999999988009e-05,-1.6754999999912693e-05,1.0618464805555463,-0.03517728847500756,-0.014864929393283514,0.00022208580742626833,-0.18463817523590073,14.978217384251831,0.4430519332935726,-6.291885732378575,-2.5990044527870264,1.4010615672666236,-0.5773476769025346,2599.0044527870264,8155.885712873413
30,surrogate_cell_00030,1.0599421,1.0643862,1.0641923,1.5482644,-0.4840721000000001,-0.00028417220582058905,1.0836913611881192,1.0644747,-0.00021889999999991083,-2.5881666666587184e-05,1.0668018361111027,-0.02345788334201404,-0.009548301622291493,0.00010605788156840259,-0.24958139736631513,9.776045646837224,0.197227945438657,-5.2873501729499965,-2.691971083010766,1.0089145234568009,-0.23076143584021516,2691.971083010766,8255.622835222957
31,surrogate_cell_00031,1.0535078,1.0578372,1.0570602,1.5451851,-0.4881249000000001,-0.00029413044584458866,1.077481343069307,1.0573055,-0.00012030000000007313,-3.126499999993924e-05,1.060115208333327,-0.03014963582886676,-0.012214937102491582,0.00016466772108250465,-0.2772563016068211,12.307765199695815,0.3138724095003301,-6.510104397943832,-2.8085937492126636,1.6616724636339069,-0.4426619689455802,2808.5937492126636,9549.871311750352
32,surrogate_cell_00032,1.0602226,1.0641686,1.0625883,1.5414478,-0.4788595,-0.0002950010747074742,1.0830452761980198,1.0629354,-0.0003062000000000342,-4.287499999991981e-05,1.0668398916666582,-0.02445679700200165,-0.009031815480457148,0.00010673041033889713,-0.3749786258320222,9.378563668535431,0.18830410121192254,-5.098030462161474,-2.702277395304448,0.9644707936120614,-0.1751709777770644,2702.277395304448,8266.773914785455
33,surrogate_cell_00033,1.0556972,1.0590516,1.0582137,1.5296975,-0.4714837999999999,-0.00028456883768376753,1.0780930174653462,1.0584915,-0.0002777999999998837,-2.38166666666435e-05,1.0606288944444417,-0.022168395029445676,-0.008128984881413817,8.473981179905932e-05,-0.395540011924232,8.413990947009989,0.15082020700131374,-5.839027157849934,-2.7116392186341987,0.910321086487205,-0.27179661961204615,2711.6392186341986,8263.30833852229
34,surrogate_cell_00034,1.0482261,1.0528972,1.0519356,1.4371544,-0.3852188000000001,-0.00023309260846085078,1.068274598118812,1.0522718,-0.0003362000000000087,-3.5968333333286576e-05,1.0555466138888838,-0.03261983354847264,-0.013682482379334641,0.00018863107965134257,-0.21275303388354486,13.78649678914736,0.3758414037121455,-5.569398346078287,-2.5373508870910584,1.0822081608448615,-0.4004031356181132,2537.350887091058,7520.357685066643
35,surrogate_cell_00035,1.060322,1.064936,1.065339,1.5448647,-0.47952569999999994,-0.0002761768292829311,1.084285799049505,1.0655969,-0.0002579000000000331,-2.3728333333266914e-05,1.0676965583333264,-0.01896560120084656,-0.005940929282170805,7.219866334640362e-05,-0.36877617960622794,7.203194337725647,0.10749330408215814,-6.173493910598734,-2.67243028902031,0.7278187228939417,-0.3854838604438771,2672.4302890203103,7869.7023725671215
36,surrogate_cell_00036,1.0342327,1.0393205,1.0394461,1.517365,-0.47791890000000015,-0.0002765956171617217,1.058624859049505,1.0396782,-0.00023210000000006836,-2.9169999999955765e-05,1.0423209055555507,-0.0196610686203339,-0.0048228541497159294,7.939429411834012e-05,-0.4292360932039262,7.005661276285652,0.10265421626777227,-6.783910490668444,-2.667843934097787,0.7399237144025503,-0.6479104824666808,2667.843934097787,7857.314971104908
37,surrogate_cell_00037,1.076776,1.080987,1.0793284,1.5574275,-0.4780990999999999,-0.00029494672307230877,1.1000151307920791,1.0797993,-0.0004708999999998298,-4.191833333327331e-05,1.0835769861111049,-0.0349156855511874,-0.016498410520602795,0.00022783645156360894,0.02868434031371615,16.568266734642002,0.5000340012699459,-5.599983759731989,-2.4344537101818573,1.1089314153073067,-0.4976687638115427,2434.4537101818573,7035.496282325517
38,surrogate_cell_00038,1.0750376,1.079107,1.0780298,1.5545218,-0.47649200000000014,-0.0002905532595259574,1.0981788033465347,1.0782237,-0.0001938999999999691,-1.9349999999948466e-05,1.0799666277777724,-0.029746292849169187,-0.013058878761674234,0.00015557917523636994,-0.11652986453885289,13.15006840482921,0.3261134897484763,-5.980317128000042,-2.518871386435092,1.0617041919126917,-0.5442673680006087,2518.8713864350916,7406.417253314134
39,surrogate_cell_00039,1.0630897,1.0683861,1.0672253,1.551739,-0.48451369999999994,-0.00029292922592259616,1.0875893136831682,1.0674944,-0.0002249999999999197,-3.183666666661435e-05,1.070360294444439,-0.03547704021177989,-0.016422675853475538,0.00023088153302550806,-0.006109511901828204,16.490796450616347,0.5005858152138365,-5.1286549104769605,-2.429142280800767,1.0704513279691927,-0.4572476883571694,2429.1422808007674,6971.183548343146
40,surrogate_cell_00040,1.053825,1.0590191,1.0575029,1.5346788,-0.4771759,-0.00028803561236124343,1.0776628148118814,1.0580212,-0.0005182999999999716,-7.091833333326403e-05,1.0645496861111037,-0.026367901394441007,-0.010725270059055958,0.00011950309864489707,-0.22714996928270234,10.788081477117872,0.23453451648457932,-7.160242325766675,-2.8998075711268463,1.8606590347410872,-0.5347623224289259,2899.807571126846,10269.542984305665
41,surrogate_cell_00041,1.0725726,1.0773218,1.0767192,1.5551684,-0.4784491999999998,-0.00028543087788780047,1.096353896455446,1.0768754,-0.00015619999999993972,-2.0328333333297893e-05,1.0786560472222184,-0.0162126997036518,-0.004495058588846016,4.1740644064757334e-05,-0.9021828405856934,4.840472695918105,0.061946195781915646,-7.611378899646075,-2.974792496926627,0.9472641277103446,-0.6793205911961664,2974.792496926627,9796.6545274813
42,surrogate_cell_00042,1.0600867,1.0645043,1.0627675,1.5441279,-0.4813604,-0.00029898741494149974,1.0838229280396043,1.0630152,-0.0002476999999998508,-4.130999999994112e-05,1.0667637166666604,-0.03279685860324466,-0.014688262206921559,0.0001958206237648002,-0.091350274579437,14.78427806524669,0.4115656704240803,-6.996090795853508,-2.48226665517988,1.104894806276259,-0.6041863687416388,2482.26665517988,7266.54255369417
43,surrogate_cell_00043,1.0609523,1.0650622,1.0637115,1.5473741,-0.48366260000000016,-0.0002974903786378659,1.0843736617425743,1.0638568,-4.21000000001559e-05,-1.7318333333324704e-05,1.0653835416666653,-0.019136905345432997,-0.005614769808658153,7.095591839196423e-05,-0.5025222193463139,6.834754901654279,0.10248155839618334,-5.156330306968151,-2.7861669770600375,0.9054018198236323,-0.3845887977733473,2786.1669770600374,8668.1282438835
44,surrogate_cell_00044,1.0628099,1.0675588,1.066227,1.5407704,-0.47454339999999995,-0.0002882647860786104,1.0861762169108915,1.0665412,-0.0003142000000000422,-3.932499999998256e-05,1.0700883083333312,-0.01787209352961794,-0.004249339587110823,6.968861275469407e-05,-0.4053294247556072,6.409044888740635,0.08774549968128123,-5.238235788078728,-2.7728824653572204,0.8963126423172617,-0.6831712824391727,2772.8824653572206,8585.189809002797
45,surrogate_cell_00045,1.063877,1.0677454,1.0667236,1.5485972,-0.4818735999999999,-0.00028912882268227933,1.0871640957227728,1.0673009,-0.0005773000000000028,-5.740666666661958e-05,1.0724475777777724,-0.010406492284311897,0.0006997388731535978,6.433909039109101e-05,0.6191561887480357,5.661354839174146,0.06482872488169326,-5.468539779669075,-2.7894439137137663,0.9233036453380111,-0.9676962837119412,2789.4439137137665,8704.300993092786
46,surrogate_cell_00046,1.0664809,1.0710955,1.0697361,1.5485272,-0.4787911,-0.00029302694509451425,1.0902801277821788,1.0701244,-0.0003883000000000081,-3.5976666666646504e-05,1.0733383944444421,-0.019010598961772818,-0.005760692312356919,7.457423627080383e-05,-0.38256401111236066,7.180571788368864,0.10775981218845196,-5.720189116398833,-2.6913601837686305,0.795375733204947,-0.60549866566673,2691.3601837686306,8038.795371980064
47,surrogate_cell_00047,1.0540464,1.0580773,1.0564324,1.5468906,-0.49045819999999996,-0.000304739539153925,1.0777615311881192,1.0568229,-0.0003904999999999603,-5.4248333333309434e-05,1.061799213888886,-0.01693564532809333,-0.004471870830911967,6.881435593182406e-05,-0.1630912176765591,6.720868886888405,0.08881198466018536,-5.746823234681857,-2.7168489325259535,0.8846566067727096,-0.8740592664243836,2716.8489325259534,8265.924728940121
48,surrogate_cell_00048,1.061898,1.0664487,1.0649098,1.553501,-0.4885912000000001,-0.0002995334065406595,1.0858088416237626,1.0652622,-0.0003524000000001415,-4.745166666666111e-05,1.0695447861111103,-0.014992177214550262,-0.0052202129281917215,3.986925848468548e-05,-0.3104060858874438,5.8357871538475035,0.06711988150034548,-5.0308786747076315,-2.71845775949168,0.6588384271864749,-0.36847524183951785,2718.45775949168,8048.851017327
49,surrogate_cell_00049,1.0659126,1.070218,1.0692284,1.5527692,-0.4835407999999999,-0.0002929327380738124,1.0896664745346538,1.069618,-0.0003500999999999088,-4.984666666663499e-05,1.0741284777777744,-0.01435512235333758,-0.0028507368971070054,5.556620018709263e-05,-0.08555762169140076,5.65218627450944,0.06369290104361991,-5.698847951649195,-2.7113446020403127,0.6157718494480273,-0.4086453690666995,2711.3446020403126,7967.161400461171
50,surrogate_cell_00050,1.0549614,1.0600363,1.059088,1.5374544,-0.4783664000000001,-0.000289168288628874,1.079244813287129,1.0592592,-0.000171200000000038,-3.160666666664271e-05,1.0621263444444418,-0.022066829367015983,-0.005676275820316643,8.917965975015962e-05,-0.6951118263849277,7.180297650908319,0.121399766938471,-6.881750081381606,-2.7028581331234975,0.7207003939517175,-0.3206311723240754,2702.8581331234977,8026.142481743558
51,surrogate_cell_00051,1.0575553,1.0627701,1.061711,1.5396717,-0.4779606999999999,-0.00028651334653465884,1.0819486466534658,1.0620581,-0.00034709999999993357,-3.7048333333294284e-05,1.0653812249999957,-0.05763721223062823,-0.0251724154322722,0.0005797516202149137,-0.11692951272940746,25.184832412270303,1.2134021189098094,-6.209710148548955,-2.448742857471913,1.6521694271674419,-0.5265162772776638,2448.742857471913,7648.511009187153
52,surrogate_cell_00052,1.0563481,1.0613267,1.0607082,1.5461092,-0.48540099999999997,-0.000287961243924396,1.0807419905742575,1.06091,-0.0002017999999999187,-2.13416666666251e-05,1.0628475805555513,-0.023039995287666648,-0.008022568248411518,9.808091965688631e-05,-0.4383348745390484,8.715574740451405,0.16244252095730694,-6.03192723559176,-2.6267000934071674,0.7677895647229774,-0.2926592328114215,2626.7000934071675,7667.342945428198
53,surrogate_cell_00053,1.0624534,1.0678971,1.0672135,1.5507531,-0.48353960000000007,-0.00028776380978098425,1.0872951215841586,1.0674665,-0.00025300000000005873,-3.401833333330688e-05,1.070591374999997,-0.0476186866891497,-0.02040916612046451,0.00039251382820041703,-0.16327519005891578,20.441266851516303,0.8090478899331335,-5.830447730704906,-2.468150136016589,1.3711540375156177,-0.39944511842514596,2468.1501360165894,7462.919131434327
54,surrogate_cell_00054,1.0692425,1.0741578,1.073814,1.5527258,-0.4789117999999999,-0.0002804473693369426,1.0932686817821788,1.0742167,-0.0004026999999999781,-5.089999999991902e-05,1.0788652333333248,-0.02854728644545368,-0.010279626117534262,0.0001365431165422348,-0.5013586211059513,10.420916001045299,0.2422138296585273,-6.286040028192322,-2.767797561648519,1.2156394726514863,-0.24124912808802476,2767.797561648519,8876.342814918975
55,surrogate_cell_00055,1.0543633,1.0592815,1.0592313,1.535084,-0.4758526999999999,-0.00027667977437744677,1.0782308208316835,1.059419,-0.00018770000000012388,-2.4339999999969474e-05,1.0616067777777742,-0.022959291542266724,-0.007125919737929094,9.497113352667147e-05,-0.5799662105145783,8.050975006468722,0.1457498656380789,-6.930400103729671,-2.659641605125171,0.750972635140563,-0.3517396963817704,2659.641605125171,7824.666102853357
56,surrogate_cell_00056,1.0694641,1.0741119,1.0739683,1.5516335,-0.4776652000000001,-0.00027775574377438174,1.0930346623168317,1.074374,-0.0004056999999999533,-5.024333333330529e-05,1.0789674722222191,-0.029292880042422698,-0.01121329972811778,0.00015211604855966277,-0.3768632674053862,11.323027393395632,0.277854139352269,-6.419158315622302,-2.8931539826578296,1.776531578616046,-0.5882436884008956,2893.1539826578296,10146.871545984905
57,surrogate_cell_00057,1.0555667,1.0606029,1.0583377,1.5547496,-0.4964119,-0.00031054926552656143,1.0803660036435647,1.0587794,-0.0004416999999998783,-5.482499999994864e-05,1.0638157527777723,-0.029134571267252163,-0.010979534612830065,0.00015961146535243016,-0.3748577804062437,11.477160499831369,0.28016164566676355,-5.27379647576335,-2.5951958112587454,0.9882575065448195,-0.45491076600515884,2595.1958112587454,7723.298805319757
58,surrogate_cell_00058,1.0683031,1.0725927,1.0696332,1.5524533,-0.4828201000000001,-0.00030966829882988567,1.0916817967920793,1.0701965,-0.0005633000000000443,-6.172666666661015e-05,1.075751711111105,-0.039205133699900196,-0.016332782590097197,0.00026756006946347194,-0.22359191966105124,16.39062591414858,0.5343198565988541,-6.199045599233013,-2.6118608026778793,1.5659964214980882,-0.6016040387503876,2611.8608026778793,8387.813274063225
59,surrogate_cell_00059,1.0528059,1.0562594,1.054805,1.5448972,-0.4900922000000001,-0.0003010379747974807,1.0757552347524757,1.0552474,-0.00044240000000006496,-5.643166666663308e-05,1.0603602972222186,-0.020345687283007008,-0.00425008123698171,9.131466575576044e-05,-0.4601742865436518,7.079189831049612,0.10937785627670443,-5.449032454968794,-2.6720693297976705,0.6903411469593772,-0.33260244627300894,2672.0693297976704,7830.295650204747
60,surrogate_cell_00060,1.0635229,1.0673919,1.0650761,1.5472994,-0.4822233,-0.0003041754251425215,1.0864809155445547,1.0654361,-0.000360000000000138,-4.0971666666637033e-05,1.0691653861111077,-0.037934716006179925,-0.015848279726194802,0.00025376872765397475,-0.21452219537726835,15.967449246507961,0.5049366979336921,-5.715799144054642,-2.5841947236615086,1.435983774860512,-0.5503823444291133,2584.1947236615088,8114.046144660493
61,surrogate_cell_00061,1.0561703,1.0603291,1.060587,1.5465623,-0.4859753,-0.0002804683606360777,1.0797250388514859,1.0607499,-0.00016290000000007687,-2.5783333333333267e-05,1.0630916277777775,-0.01931679158941846,-0.0037133024607213672,8.372407864843897e-05,-0.4326392472242731,6.668414060558712,0.09751269381323835,-6.098090439865954,-2.6880963415101786,0.6747863183915749,-0.3904976747927675,2688.0963415101787,7900.648259631982
62,surrogate_cell_00062,1.0644249,1.0683537,1.0666759,1.5502931,-0.4836172000000001,-0.00029750237323732955,1.087671694475248,1.0671101,-0.00032010000000015637,-5.011999999994376e-05,1.0716201555555498,-0.02447074648697367,-0.007844047177705687,0.00010882472087852463,-0.5333438062954318,8.810333861046015,0.17035379700459718,-5.543397220330118,-2.590836239560612,0.700204031936083,-0.2977510900091898,2590.8362395606123,7412.636452156656
63,surrogate_cell_00063,1.0505834,1.0547526,1.0534877,1.5303241,-0.47683640000000005,-0.0002909427500750176,1.0736179331287137,1.0537667,-0.00025079999999988445,-3.338499999995071e-05,1.0568424305555504,-0.016313249034008992,-0.0034889139598569107,6.950138583160466e-05,-0.10813531056173221,6.419621250028175,0.08167390645088908,-5.485761143347142,-2.672518657583956,0.685035664531835,-0.5906701887655542,2672.5186575839557,7827.391639666184
64,surrogate_cell_00064,1.0526235,1.057379,1.055879,1.5440578,-0.4881788,-0.000298978700270033,1.0767889256633665,1.0563281,-0.00044909999999998007,-5.426499999998839e-05,1.061245641666665,-0.016890227611756514,-0.0030844575318450477,7.418883936504878e-05,-0.16952698615532547,6.395984669850907,0.08370271763080442,-5.724189935979868,-2.6492970070401207,0.5916398314478288,-0.42595452035652653,2649.2970070401207,7610.4144629595685
65,surrogate_cell_00065,1.0673373,1.0719399,1.0702672,1.5511974,-0.4809302,-0.0002971025094509541,1.0908009122178224,1.0704473,-0.00017810000000006987,-2.3963333333316594e-05,1.0726019166666645,-0.017150461220072688,-0.004552790000887925,6.46425408994696e-05,-0.3311413916474543,6.430623531041627,0.0853704376916547,-5.739634775551641,-2.67789307224413,0.664653354904409,-0.5488098360330258,2677.89307224413,7835.764661277514
66,surrogate_cell_00066,1.0636387,1.0672916,1.0650023,1.5550526,-0.49005030000000005,-0.0003118576975697618,1.086763383029703,1.065309,-0.0003067000000001041,-3.467666666665243e-05,1.0684302944444428,-0.03737276725837835,-0.014560248606988435,0.0002424099267753746,-0.3419910062877789,14.713483645185677,0.45441076627268334,-5.21078254588046,-2.6017259780323285,1.2176948395518943,-0.24848681391394808,2601.7259780323284,7986.672904320172
67,surrogate_cell_00067,1.0542823,1.0592489,1.058989,1.5426459,-0.48365689999999995,-0.000288478050405047,1.07884974049505,1.0592644,6.489999999992335e-05,-1.9871666666647874e-05,1.0609430749999977,-0.0354536767707212,-0.013484618094361748,0.000207655391715429,-0.4069464419758906,13.586429939410284,0.3894903168662172,-6.350998977515449,-2.668362282606073,1.3867214582295149,-0.45498957375161353,2668.3622826060728,8506.878729464204
68,surrogate_cell_00068,1.0625765,1.0668437,1.0670002,1.5495478,-0.48254759999999997,-0.00027785265586559326,1.086041547465347,1.0672984,-0.0001521999999998247,-1.344166666662722e-05,1.0684154805555515,-0.02207195340905499,-0.0070282122622283075,8.866189988139058e-05,-0.5316966347392997,7.890652279519448,0.13805766748432693,-5.472693878570289,-2.672827370619733,0.7487044250643996,-0.21519606271344244,2672.827370619733,7892.710578198394
69,surrogate_cell_00069,1.0649804,1.0703555,1.0698949,1.5519251,-0.4820302000000001,-0.0002856914149415015,1.0894159480396044,1.0700021,-0.00010719999999997398,-5.653333333295161e-06,1.0703999999999958,-0.01999312360131722,-0.006188743912046205,8.085340085580961e-05,-0.4281251504580606,7.504800171816588,0.11915395206469857,-5.534423534276277,-2.647861872727972,0.6958080562454035,-0.3251677973022212,2647.861872727972,7706.980553291884
70,surrogate_cell_00070,1.0621216,1.0674515,1.0669525,1.5344049,-0.4674524,-0.0002764797485748575,1.0860460305544555,1.0671932,-0.0002406999999999826,-1.98399999999917e-05,1.0688846555555547,-0.019968449661501464,-0.005834650607011597,7.983411109588547e-05,-0.46876402693525515,7.270051031538707,0.11387725880178626,-5.833843239125069,-2.6871739580437706,0.7615087164815679,-0.4533756924804023,2687.1739580437707,7982.412597270191
71,surrogate_cell_00071,1.061367,1.0666513,1.065786,1.5537159,-0.48792990000000014,-0.00029088888148815547,1.0859265026336637,1.0660614,-0.00022450000000007186,-3.370166666664884e-05,1.0690524694444423,-0.02254926955635117,-0.008154321242679173,9.60529669537361e-05,-0.38199040292995157,8.80149498873318,0.16254592188254488,-5.107775434360463,-2.6100937412522933,0.742476024970226,-0.2368630141679315,2610.0937412522935,7555.06536309462
72,surrogate_cell_00072,1.0659766,1.071111,1.0712103,1.554436,-0.4832257,-0.00027709671107111275,1.09018842219802,1.0713967,-0.00012239999999996698,-1.0304999999962584e-05,1.0722997749999958,-0.02518010132583326,-0.008803096455613666,0.00011085875775995717,-0.47074374224106463,9.296580114768014,0.18835326496679505,-5.488665502796794,-2.648774253212857,0.8535764391011151,-0.24497374132415795,2648.774253212857,7869.581483584444
73,surrogate_cell_00073,1.0543786,1.0590211,1.0581518,1.5453937,-0.4872418999999999,-0.00029006660186019234,1.0784079607920796,1.058696,-0.0005441999999999947,-5.4646666666589525e-05,1.063653422222214,-0.02049231516190486,-0.005898841599273065,8.368425836611555e-05,-0.4914546090493635,7.378476094694119,0.11848059057942997,-5.443124031304034,-2.7486467351664676,0.9245909189108761,-0.46469156795049926,2748.646735166468,8479.64979365216
74,surrogate_cell_00074,1.0636719,1.0686412,1.0672709,1.5491458,-0.4818749,-0.0002950220816081713,1.0876334000396046,1.067407,-0.00013609999999997235,-6.486666666671511e-06,1.067903088888889,-0.04387718223920889,-0.018922199712267093,0.0003402292648298429,-0.14908277638005044,19.00953916835529,0.6982789067807638,-6.18120486748185,-2.531489981030273,1.5458913553719895,-0.5968432120437063,2531.489981030273,7954.332879428643
75,surrogate_cell_00075,1.0638303,1.069052,1.0696858,1.5472183,-0.4775324999999999,-0.00027151236303630773,1.0880204289702973,1.0697798,-9.40000000000385e-05,-1.1604999999944048e-05,1.0707988194444384,-0.04100018715607223,-0.01642096390507348,0.00028414391093217143,-0.2935608080138222,16.47783799736079,0.5537919665038975,-5.758163800771138,-2.672229544668017,1.6335104567182157,-0.39790763089580317,2672.2295446680173,8774.321196114855
76,surrogate_cell_00076,1.0602639,1.0646616,1.0625606,1.5450482,-0.4824876,-0.0003006903978397896,1.0837862986930697,1.0631095,-0.0004416999999998783,-7.225333333328159e-05,1.06963655555555,-0.01975464574315655,-0.004394971344494003,8.85061808844849e-05,-0.46566548158182697,7.083655364613677,0.10782195400340833,-5.619075286869802,-2.70541446402468,0.8248603631190069,-0.6337121376220217,2705.41446402468,8144.127785272953
77,surrogate_cell_00077,1.0612221,1.065392,1.0640779,1.547478,-0.4834000999999999,-0.00029662375577558104,1.0846352129108912,1.0643421,-0.0002641999999999367,-3.469333333324943e-05,1.0674505999999913,-0.017762838649067025,-0.005086935722329724,6.391434918613743e-05,-0.4049760210485321,6.582577716463296,0.08979126422925164,-5.299729266245106,-2.653310446648887,0.6147189898285351,-0.3760548467269599,2653.310446648887,7654.775316124653
78,surrogate_cell_00078,1.056167,1.0603276,1.058808,1.5429747,-0.48416670000000006,-0.0002976202148214885,1.0798466086336638,1.059203,-0.0003949999999999232,-4.782166666667027e-05,1.0635537805555557,-0.019993659594206625,-0.005355796551343603,7.919136250896079e-05,-0.5216830505940283,7.013414393262131,0.1078759192083448,-5.9978431260269796,-2.6729450262016514,0.6735390861199733,-0.31033108458391623,2672.945026201651,7818.174199216119
79,surrogate_cell_00079,1.0591148,1.0627782,1.0611359,1.5420854,-0.4809494999999999,-0.0002972445112511261,1.0819140593069307,1.0614409,-0.0002934999999999466,-4.106666666665329e-05,1.0651517999999984,-0.03155398306538115,-0.012133734687014772,0.00017438612245719316,-0.365170552601563,12.30444200566287,0.32161363991205855,-5.026263436085942,-2.655820182382062,1.128333210186577,-0.17604123691366114,2655.8201823820623,8181.7140513344675
80,surrogate_cell_00080,1.0257568,1.0306096,1.0304713,1.5141832,-0.48371189999999986,-0.00028319440324032764,1.0499836999603962,1.0305773,-0.00010049999999983683,-1.3661666666604362e-05,1.0318248916666601,-0.010575592153898472,0.000968203246161058,7.999879741994812e-05,1.0902886741120812,6.029415594835356,0.08093621494582495,-5.1880605912310935,-2.6291958263449375,0.5239298694981366,-0.5479695938323714,2629.1958263449374,7436.600562767775
81,surrogate_cell_00081,1.0489802,1.0537021,1.0527911,1.5399417,-0.4871505999999999,-0.0002925431263126385,1.0728333247524757,1.0529295,-8.239999999992698e-05,-1.6256666666638182e-05,1.0544035277777748,-0.017901658706353074,-0.0029368609222218513,8.092114820615502e-05,-0.17689313869189885,6.587658512513809,0.0895463002826288,-5.746685871484635,-2.6225806126355145,0.561492685651621,-0.41254621473510694,2622.5806126355146,7439.421755423291
82,surrogate_cell_00082,1.0570194,1.0613413,1.0612622,1.54839,-0.4871277999999999,-0.0002850444470447118,1.0808827691287133,1.0615559,-0.00029370000000006335,-3.143833333333877e-05,1.064405986111111,-0.019136666190418872,-0.005678742726169184,7.848516954469507e-05,-0.3227337660984229,7.395951854804167,0.11073328849471452,-5.414429320088792,-2.614816950332732,0.6530174151858572,-0.4239313428211056,2614.8169503327317,7490.285098933225
83,surrogate_cell_00083,1.0571853,1.0625529,1.0635872,1.5426482,-0.47906099999999996,-0.0002653727272727414,1.0818268180000006,1.0640177,-0.00027820000000011724,-3.8088333333296395e-05,1.0674468805555517,-0.011983394245510759,0.002525872216984058,0.00010037090365071336,0.5512298291696742,7.114368029023838,0.10675093410724533,-6.17296090779435,-2.7273748351854423,1.049828489711776,-1.33837498075127,2727.3748351854424,8488.401981314595
84,surrogate_cell_00084,1.0650063,1.0698496,1.0688637,1.5511113,-0.4822476,-0.0002870594329433046,1.0887996629306935,1.0691503,-0.0002865999999999147,-2.724333333326858e-05,1.071564627777771,-0.018475412495085997,-0.004900093342276695,6.991792444632072e-05,-0.495095744924662,6.5743853523722855,0.09392883920934511,-5.841458615591897,-2.686460295579374,0.6531603476351326,-0.34168896686322764,2686.4602955793744,7870.229267359554
85,surrogate_cell_00085,1.0703586,1.0756617,1.0752993,1.5533057,-0.47800639999999994,-0.0002790143318331864,1.0945704654257429,1.0756233,-0.00032399999999999096,-3.3051666666613975e-05,1.0786152305555496,-0.02325564443739936,-0.00818177860613636,9.793933503064206e-05,-0.4450317544806154,8.738485710432126,0.1648808361904727,-5.925294551501877,-2.6651249323711306,0.8371563864757814,-0.2542611235754998,2665.1249323711304,7940.047291622004
86,surrogate_cell_00086,1.0601695,1.0645497,1.0637115,1.5520773,-0.4883658000000002,-0.0002954273531353218,1.0838157739801986,1.0638568,-4.21000000001559e-05,-1.7318333333324704e-05,1.0653835416666653,-0.0219511884480017,-0.005065869192136748,9.034183448015171e-05,-0.3274471446490572,7.47451177488292,0.11600486515199195,-5.696010596342112,-2.645579169105045,0.7433777670873319,-0.5863002735145465,2645.5791691050454,7742.466907089875
87,surrogate_cell_00087,1.0591966,1.063394,1.066227,1.549998,-0.48377099999999995,-0.0002688329360936155,1.082168076336634,1.0665412,-0.0003142000000000422,-3.932499999998256e-05,1.0700883083333312,-0.017554797098446873,-0.004722025737838468,5.5043170774293633e-05,-0.5450689856779707,5.874999166105421,0.07734069784310255,-5.897168164325576,-2.828822231328615,0.8521614545148724,-0.42409943692932894,2828.822231328615,8854.396670973876
88,surrogate_cell_00088,1.0596243,1.0633972,1.0667236,1.5564579,-0.48973430000000007,-0.0002623682574257531,1.0829405717425749,1.0673009,-0.0005773000000000028,-5.740666666661958e-05,1.0724475777777724,-0.005593178192615733,0.007965107285397312,0.0001956513095990069,1.3609604334686298,9.255219993263303,0.2590942436668962,-5.50884555221409,-2.5858550963387734,0.6090892642618173,-0.1691979147362799,2585.8550963387734,7295.735843523024
89,surrogate_cell_00089,1.0712579,1.0750737,1.0734702,1.554559,-0.4810888,-0.00029815976477647814,1.0942033423564357,1.0738053,-0.00024380000000001623,-4.479666666661754e-05,1.0778097388888837,-0.027597313309046467,-0.008464424665174665,0.00010483356392834908,-0.41305643082040305,9.156854915391635,0.17648004884076635,-5.714142849696071,-2.651786110498321,0.8996220840785928,-0.37555012118877235,2651.7861104983212,7931.5916599104075
90,surrogate_cell_00090,1.0645061,1.0692422,1.0681988,1.5494038,-0.4812050000000001,-0.00029259796219622625,1.0883616731287133,1.06838,-0.0001812000000001035,-2.1594999999991996e-05,1.0703000583333322,-0.022963741303575924,-0.006016997890523766,8.605429115727437e-05,-0.3299657066511659,7.632847123896232,0.12225855477184182,-5.546054147770974,-2.6876897993002675,0.8376893136378769,-0.5105310934178237,2687.6897993002676,8061.365770900588
91,surrogate_cell_00091,1.0690004,1.0733541,1.0717293,1.5564909,-0.4847615999999999,-0.00029794332313232537,1.0924418104950502,1.0720702,-0.0002696999999998173,-3.276999999992411e-05,1.0749885833333255,-0.019815561719472075,-0.005765224764642821,7.200321728835487e-05,-0.3450515896125992,7.18293318704713,0.10524103387520573,-5.087488832129347,-2.625081546448322,0.640618113961067,-0.37497376688833217,2625.081546448322,7531.671239464583
92,surrogate_cell_00092,1.0629869,1.0675248,1.0692284,1.5370362,-0.4678077999999999,-0.0002719633087308741,1.0853927637821787,1.069618,-0.0003500999999999088,-4.984666666663499e-05,1.0741284777777744,-0.021231166609322782,-0.00835840330746981,7.023773920296827e-05,-0.23783601562292186,8.45138392850351,0.14010064505329053,-7.620252134798302,-2.7232434236140945,1.1000846754997182,-0.68478811807926,2723.2434236140944,8516.139419757132
93,surrogate_cell_00093,1.0556208,1.0604448,1.0610465,1.5484579,-0.48741140000000005,-0.0002791190525052561,1.0798309560990103,1.0611901,-0.00014359999999991047,-1.4661666666576682e-05,1.0625045805555462,-0.02513897458348968,-0.010555433056402783,0.00011442527559274848,-0.11943006286705087,10.755237094873594,0.22584244260094913,-6.5078837421156175,-2.6934876043021356,1.2203497874813336,-0.45906669315203197,2693.4876043021354,8475.22526201059
94,surrogate_cell_00094,1.0635173,1.0686042,1.0686102,1.5466163,-0.4780061,-0.00027779081248125587,1.0875559862178221,1.0688072,-0.00019700000000000273,-1.3394999999983034e-05,1.0699640805555533,-0.08169561564233341,-0.02644308960617269,0.0007708984405287377,-0.4597385470176576,26.490259965855316,1.4701354284488162,-6.223615984644477,-2.407720972719855,1.4870124720646514,-0.46945321847982424,2407.720972719855,7284.132754539699
95,surrogate_cell_00095,1.0727274,1.0776558,1.0770557,1.5588486,-0.48179289999999986,-0.00028780013261326683,1.096611043564357,1.0772489,-6.379999999994723e-05,-1.5428333333312106e-05,1.078610769444442,-0.043903177621260725,-0.014460624269664307,0.00023204659362207169,-0.3785262341788069,14.538849311358508,0.441156247890476,-5.7296580234003125,-2.680955649257659,1.5276785800470312,-0.4883519581504576,2680.9556492576594,8715.20177333359
96,surrogate_cell_00096,1.0581849,1.0623688,1.0672135,1.5546062,-0.4873927,-0.00024236512931293466,1.0808611779009905,1.0674665,-0.00025300000000005873,-3.401833333330688e-05,1.070591374999997,-0.04877865855372321,-0.014387859310975255,0.0002451325633541005,-0.506310370223584,14.652374219063512,0.45214305890651785,-6.96734774692889,-2.4919923265322756,1.0346695816834548,-0.5212155568617727,2491.9923265322755,7244.695337179199
97,surrogate_cell_00097,1.0537434,1.0595887,1.073814,1.5495697,-0.4757556999999999,-0.00014451868586859198,1.0751787289504953,1.0742167,-0.0004026999999999781,-5.089999999991902e-05,1.0788652333333248,-0.02673226506969295,-0.01101513613024384,0.00012765650433519839,-0.18137849138535772,11.222321340198427,0.2489897283030016,-6.429408905348653,-2.659053574806011,1.2165197539561754,-0.5755847928880994,2659.053574806011,8287.0856676448
98,surrogate_cell_00098,1.0564184,1.0615554,1.0618341,1.5428623,-0.4810281999999999,-0.00027557131593160223,1.0806022701386147,1.0621085,-0.00027439999999989695,-2.968833333329706e-05,1.0647681472222186,-0.025817325310513506,-0.00802595344097057,9.596718908240559e-05,-0.5180415099820183,8.480370390674752,0.1603831177190329,-5.597551511403743,-2.7381878194627145,0.9619097014680638,-0.30543492723327786,2738.1878194627143,8459.58223612204
99,surrogate_cell_00099,1.0561757,1.0606432,1.0739683,1.5429027,-0.4689344,-0.0001574576213621417,1.0762889222574261,1.074374,-0.0004056999999999533,-5.024333333330529e-05,1.0789674722222191,-0.024124552528045462,-0.006998285471471825,9.77306412250584e-05,-0.426505085385494,8.30188929221686,0.14670664076527204,-5.807835052778645,-2.6397845791637082,0.7992854307827546,-0.5040172754233196,2639.7845791637083,7767.748055173272
100,surrogate_cell_00100,1.0705363,1.0753692,1.0751703,1.5522293,-0.4770590000000001,-0.00027905660426042774,1.0942844629108912,1.0753616,-0.00012060000000002624,-1.538333333331895e-05,1.0767406166666649,-0.0532191984494057,-0.018201952180737686,0.00033826349264466356,-0.30816745864600714,18.25842936809993,0.6695745558345249,-6.929481237059023,-2.522344596204495,1.4820619632328023,-0.7826960107293875,2522.3445962044952,7844.28422523482
101,surrogate_cell_00101,1.0611187,1.0656413,1.0696332,1.5479361,-0.4783029000000001,-0.00025284245124512756,1.0836973923366338,1.0701965,-0.0005633000000000443,-6.172666666661015e-05,1.075751711111105,-0.039824395035149784,-0.012965054844538706,0.00018612895393629652,-0.3586239539321166,13.292221405979154,0.35422160105819306,-5.587070989067353,-2.5522277269572022,1.1180065189765769,-0.49188001572984896,2552.2277269572023,7631.872889225705
102,surrogate_cell_00102,1.029718,1.0336007,1.054805,1.5216941,-0.46688909999999995,-0.0001866287170717062,1.0499402844950496,1.0552474,-0.00044240000000006496,-5.643166666663308e-05,1.0603602972222186,-0.02488427374391211,-0.005650022992246736,5.849006972614667e-05,-0.19135584741141903,6.784882256541067,0.09041282953906342,-7.338416265964616,-2.6741876034102883,0.7488448801532683,-0.6704318833984757,2674.1876034102884,7900.124218386529
103,surrogate_cell_00103,1.0599166,1.0640467,1.0650761,1.5464429,-0.4813668,-0.0002796458637863897,1.0827958822574262,1.0654361,-0.000360000000000138,-4.0971666666637033e-05,1.0691653861111077,-0.04337638612542316,-0.012880455617440407,0.0002017048941946452,-0.5007055659086047,13.24099562983683,0.3676110311074974,-5.470409115199982,-2.5820597954841533,1.1556957154771923,-0.45682043399426375,2582.0597954841533,7822.72850293286
104,surrogate_cell_00104,1.0700392,1.0748545,1.0730636,1.554006,-0.4809424,-0.00029784116291629143,1.0939203855643567,1.0735034,-0.0004398000000001012,-4.644833333329781e-05,1.077691191666663,-0.03889177362947849,-0.01194989875094233,0.0001870366649752644,-0.4514306636839005,12.40780046706352,0.32983674513303746,-7.137692904370511,-2.632383135590511,1.1258335315894679,-0.3221490029562727,2632.3831355905113,8055.2745041308
105,surrogate_cell_00105,1.07006,1.0743419,1.0737699,1.5505116,-0.47674170000000005,-0.0002858351071107106,1.0933551978019798,1.073984,-0.00021409999999999485,-3.2629999999957944e-05,1.0768458388888844,-0.023247301461284064,-0.008653063214587503,9.853920969551429e-05,-0.3925787075754242,8.971596409844274,0.1734147126911617,-5.76939642100698,-2.7507100639903985,1.0529064455401775,-0.27872892487614903,2750.7100639903983,8619.312301678237
106,surrogate_cell_00106,1.0581651,1.0624847,1.0612761,1.5408814,-0.4796053,-0.00029113139393940467,1.0813585400000005,1.0616688,-0.0003927000000001346,-4.0098333333314836e-05,1.0652986194444423,-0.021063187279188655,-0.005815308378656634,7.140409390250227e-05,-0.37660924727240086,7.135241230171227,0.10522190544137631,-4.8511448679518345,-2.6265982441921176,0.6128324680737433,-0.2465303911025061,2626.598244192118,7511.85080446686
107,surrogate_cell_00107,1.0616311,1.0652574,1.0630771,1.5496638,-0.4865866999999999,-0.000307397419741978,1.084678266277228,1.0633956,-0.0003184999999998883,-2.5608333333289616e-05,1.0657263916666622,-0.028241197601305945,-0.00889176892323758,9.947567348752173e-05,-0.46173393179927036,9.20119348336341,0.17853922807177533,-6.954601537418584,-2.689198082983065,1.064939758256636,-0.6777927779496034,2689.198082983065,8296.726087776427
108,surrogate_cell_00108,1.0590295,1.0635105,1.0702672,1.5457646,-0.47549740000000007,-0.0002361519627962849,1.081227136158416,1.0704473,-0.00017810000000006987,-2.3963333333316594e-05,1.0726019166666645,-0.015550278912495163,-0.003134451436551422,4.889080593153548e-05,-0.23013831889816472,5.346715058074793,0.05871559173963474,-5.651967741219166,-2.7282889889825936,0.6031405175999706,-0.49021158591435077,2728.2889889825938,8046.701325003631
109,surrogate_cell_00109,1.0554545,1.0602001,1.0650023,1.5427834,-0.47778110000000007,-0.00024949171137114576,1.078041980712872,1.065309,-0.0003067000000001041,-3.467666666665243e-05,1.0684302944444428,-0.0403617373681423,-0.012813474446715226,0.00019828022834068938,-0.44984586345718186,13.276617808019372,0.3624653557373134,-5.986515787155919,-2.5209160856179595,1.0302525496553918,-0.527083336108367,2520.9160856179597,7385.270460382767
110,surrogate_cell_00110,1.0608016,1.0657277,1.065197,1.5389045,-0.47370749999999995,-0.0002823724608460914,1.0846013388118818,1.0653657,-0.00016870000000013263,-1.6114999999979953e-05,1.066725236111109,-0.05644595395173402,-0.016188800776614155,0.00034820114487457335,-0.5963937644180846,16.68521090285873,0.6102784154594764,-6.2424992213437624,-2.495300920944569,1.1707384644949912,-0.5325343393258368,2495.300920944569,7397.265150561805
111,surrogate_cell_00111,1.0299288,1.0340823,1.0670002,1.5327082,-0.465708,-6.840945694576602e-06,1.0462759128118813,1.0672984,-0.0001521999999998247,-1.344166666662722e-05,1.0684154805555515,-0.01937587626801751,0.010082131283510523,0.00038326002167778426,1.3448882566331333,13.407442388932765,0.4849093928957259,-5.893835363389266,-2.4415697405739056,0.7849687173147193,-0.6229431831938176,2441.5697405739056,6746.231515400849
112,surrogate_cell_00112,1.0583297,1.0639131,1.0698949,1.5461322,-0.4762373,-0.00022679459705971818,1.081339962554456,1.0700021,-0.00010719999999997398,-5.653333333295161e-06,1.0703999999999958,-0.019743423541504046,-0.006502062949975258,5.881240136317571e-05,-0.42408535758898025,6.882086250541311,0.10108922396861668,-5.90665211399388,-2.8127989853667126,1.00702177528354,-0.5000437856153045,2812.7989853667127,8918.859907363549
113,surrogate_cell_00113,1.0564277,1.0607071,1.0669525,1.5487764,-0.48182389999999997,-0.000228496502250231,1.0780865338613865,1.0671932,-0.0002406999999999826,-1.98399999999917e-05,1.0688846555555547,-0.02065469406005005,-0.0020693418819217844,8.339461673000278e-05,0.003120171288766126,6.547460821097678,0.08767679255427838,-6.2946400657405395,-2.6312686132505223,0.6144443428745505,-0.662540754406334,2631.2686132505223,7538.018857951878
114,surrogate_cell_00114,1.0602107,1.065452,1.065786,1.5551139,-0.48932790000000015,-0.00027931393519352267,1.0845332947920792,1.0660614,-0.00022450000000007186,-3.370166666664884e-05,1.0690524694444423,-0.025486849568110204,-0.007484927759034368,0.00011702140027850381,-0.4209362223192055,9.004444682238534,0.17304554383646706,-6.622839697214237,-2.6327764724618783,0.837267804382046,-0.40702690147413123,2632.7764724618783,7768.779758330857
115,surrogate_cell_00115,1.0675465,1.0724487,1.0723242,1.5525694,-0.48024520000000015,-0.0002801855883588387,1.0914518296237625,1.0725511,-0.00012210000000001386,-2.0776666666634673e-05,1.074409516666663,-0.02662747669149701,-0.009719310272440934,0.00011335216630641847,-0.3112590641578931,9.984473307917764,0.20781715847839435,-6.079900214246311,-2.701333153732614,1.0942252298051003,-0.40345056782886835,2701.3331537326144,8391.426037260095
116,surrogate_cell_00116,1.0620676,1.0671973,1.0669814,1.5429323,-0.47595089999999995,-0.00027761537233723786,1.0859469549306935,1.0672159,-0.00023450000000013738,-2.7376666666612695e-05,1.069721516666661,-0.04173924559014286,-0.012822803132637723,0.00019710326404529676,-0.44031098266106533,13.117382258567408,0.3615275442236806,-6.180652428112778,-2.6399083646359087,1.2593771492138721,-0.41238266177884864,2639.9083646359086,8228.49332288851
117,surrogate_cell_00117,1.0535485,1.0592375,1.0672709,1.533872,-0.4666010999999999,-0.00020554677287729884,1.0761775562574263,1.067407,-0.00013609999999997235,-6.486666666671511e-06,1.067903088888889,-0.035302791679947654,-0.012654983196999176,0.0001626586012996472,-0.2822077688926014,12.732576755003603,0.3228072010159787,-6.135246558496794,-2.663743923017675,1.392360001512628,-0.5644804419949355,2663.743923017675,8487.891688926222
118,surrogate_cell_00118,1.0560061,1.0616062,1.0696858,1.5402203,-0.4705345000000001,-0.0002137443108310934,1.0790605133861395,1.0697798,-9.40000000000385e-05,-1.1604999999944048e-05,1.0707988194444384,-0.029526510398414807,-0.009479335413006995,0.00011377441487472282,-0.5474062943232136,9.664858324537446,0.2036322147470113,-7.962182421890644,-2.817988758005813,1.5344539003051028,-0.8561727093363478,2817.988758005813,9475.514540552249
119,surrogate_cell_00119,1.0521023,1.0564159,1.0625606,1.5483543,-0.4857936999999999,-0.00024305583618362055,1.0744745668910896,1.0631095,-0.0004416999999998783,-7.225333333328159e-05,1.06963655555555,-0.021255901628785212,-0.0017058479133907698,0.00010728797431909545,0.4543623750825698,7.372999065876973,0.11019789142271509,-6.08022529241944,-2.5691687632881215,0.6168685095174168,-0.7853288603097154,2569.1687632881217,7217.496643772833
120,surrogate_cell_00120,1.0543672,1.0588012,1.0640779,1.5491655,-0.48508759999999995,-0.000257502940294042,1.0770563595445553,1.0643421,-0.0002641999999999367,-3.469333333324943e-05,1.0674505999999913,-0.017209461857813246,-0.004037210625347764,5.900377725461711e-05,-0.21498661654688533,6.155909407504079,0.07530284688803801,-5.64823040697599,-2.666012443034714,0.5984458921261424,-0.3827305316287457,2666.012443034714,7706.068238542067
121,surrogate_cell_00121,1.0599649,1.0639267,1.0624182,1.5448234,-0.4824052000000001,-0.0002976594161416172,1.08302407609901,1.0626493,-0.0001866999999999841,-2.9068333333316654e-05,1.0652709583333313,-0.0511916846218613,-0.014853375735954934,0.00024677799818279147,-0.4879804597537618,15.120088508135272,0.4674007689362462,-5.7607480453555295,-2.5342300180000628,1.2477262328698315,-0.6099750086236941,2534.230018000063,7670.048017002431
122,surrogate_cell_00122,1.057032,1.0614042,1.0611359,1.5449039,-0.483768,-0.0002884480390039033,1.0805637509306931,1.0614409,-0.0002934999999999466,-4.106666666665329e-05,1.0651517999999984,-0.032260514863663325,-0.008387033821560442,0.00012010949431742079,-0.7339111229343497,8.912467111674221,0.19045183064141952,-5.782722606491608,-2.775960278663704,1.0914551254487705,-0.3708596708652983,2775.9602786637042,8797.410594167439
123,surrogate_cell_00123,1.061488,1.0655564,1.0639623,1.550536,-0.4865736999999999,-0.0003018285190519127,1.0850105826930698,1.06425,-0.0002876999999998908,-2.904999999998773e-05,1.0668618388888873,-0.06316675028803753,-0.017271511421587706,0.0004099197856407483,-0.6565966322554101,17.845317183249065,0.708224892426783,-5.32571846535576,-2.4772521946583317,1.1537646389708698,-0.37930305912703866,2477.2521946583315,7290.54307491039
124,surrogate_cell_00124,1.055828,1.0603852,1.0597831,1.5402871,-0.48050400000000004,-0.0002866624812481324,1.0796196798217825,1.0599718,-0.0001887000000000416,-1.153833333329475e-05,1.060999897222218,-0.03563126468108557,-0.011530925527139312,0.0001496645026044394,-0.37525397138637595,11.781285992863141,0.28262674611687244,-6.437720419685721,-2.623491246091189,1.2000197009083682,-0.6620415746374418,2623.491246091189,8082.726019225471
125,surrogate_cell_00125,1.0491734,1.0532837,1.0612622,1.5466061,-0.48534389999999994,-0.00028405946174618336,1.071099996356436,1.0615559,-0.00029370000000006335,-3.143833333333877e-05,1.064405986111111,-0.024354374696961445,0.006647598246710238,0.0003372039190102764,1.311658950732382,11.65406767578379,0.3813944814599415,-6.586524756288729,-2.5418752641805105,0.884884292031616,-0.8943488911068315,2541.8752641805104,7346.014150684356
126,surrogate_cell_00126,1.0560955,1.060744,1.0699974,1.5520307,-0.4820332999999999,-0.00019647266186619756,1.0776671497623769,1.0704527,-0.00038450000000000983,-5.1826666666600845e-05,1.07513696666666,-0.021552030519232712,-0.004052649207173671,0.00015419282213849413,0.5337073341214622,9.304760631631822,0.17061678773489952,-5.055313706341764,-2.4921780796880655,0.6477825012013115,-0.558631023687762,2492.1780796880653,6858.734082079005
127,surrogate_cell_00127,1.0695367,1.0747699,1.0741614,1.5471468,-0.4729854,-0.0002803270813081431,1.0935599255247528,1.0744609,-0.0002811000000000341,-3.0416666666623132e-05,1.077240905555551,-0.021552263820221906,-0.007018967814004773,8.819383428967165e-05,-0.46185203506242867,7.9716392884231215,0.1374597434637066,-5.542044458222076,-2.721797306232467,0.9368056078297163,-0.5261535152996019,2721.797306232467,8344.98618404403
128,surrogate_cell_00128,1.0465614,1.0517977,1.0520774,1.5335467,-0.4814693000000001,-0.0002754302658265908,1.0707776541584164,1.0522795,-0.00016980000000010875,-2.28333333333079e-05,1.0543596777777748,-0.01737821019826291,-0.004904652820539016,5.896842234390856e-05,-0.47680927797480854,6.244591790423427,0.08302404163392989,-5.359940494595923,-2.7387002566936918,0.7553146966773072,-0.5042229535941167,2738.7002566936917,8255.793792691398
129,surrogate_cell_00129,1.0624015,1.066789,1.066092,1.5452838,-0.47919179999999995,-0.00028470549534954015,1.0857624040198022,1.0664879,-0.0003959000000000046,-4.185166666663601e-05,1.0702794972222185,-0.0764427018216357,-0.01799362050245889,0.0004110293615006342,-0.8356799707034854,18.25177177240809,0.734799740287143,-6.820992104595948,-2.4673322321914757,1.2049207730274876,-0.46021513588900376,2467.3322321914757,7292.649117038458
130,surrogate_cell_00130,1.0643996,1.0693431,1.0695086,1.5524502,-0.48294159999999997,-0.0002772499285928635,1.0884390294653468,1.0699109,-0.0004022999999999666,-4.8121666666636286e-05,1.074179836111108,-0.024063229036967337,-0.00589877308188328,7.833616416552785e-05,-0.5386360121428045,7.050430025221005,0.11313168803707863,-5.63861821695627,-2.856241170169277,1.041921167801814,-0.2829662747463488,2856.241170169277,9200.034789971776
131,surrogate_cell_00131,1.0608296,1.0657979,1.0752993,1.5436772,-0.4683779000000001,-0.00018408130813081798,1.0819517187524752,1.0756233,-0.00032399999999999096,-3.3051666666613975e-05,1.0786152305555496,-0.025519013140650526,-0.010130311174780665,9.963414151813447e-05,-0.10140967309440216,10.250132724296074,0.20225734601602047,-5.569018831530253,-2.714869818804986,1.227203848772214,-0.40736328696106555,2714.8698188049857,8597.72198183043
132,surrogate_cell_00132,1.0579032,1.0620995,1.0605671,1.5399531,-0.47938599999999987,-0.0002949705502550295,1.081309532237624,1.0609943,-0.0004271999999998499,-4.5066666666623854e-05,1.0650811111111067,-0.019455969219090763,-0.00664376612889007,6.769948347424064e-05,-0.5007026504660594,7.089155429457239,0.11183911184962758,-6.701402744073834,-2.8659787868304036,1.0945255711246096,-0.3590501166688054,2865.978786830404,9308.359977686485
133,surrogate_cell_00133,1.047785,1.0520302,1.0512321,1.5240574,-0.4728253,-0.00028361653705371486,1.0708764615841588,1.0515558,-0.00022150000000009662,-3.5118333333325316e-05,1.0546901194444434,-0.017882405211363084,-0.00547539368347645,6.337028381974852e-05,-0.46547043969021284,6.620896350267504,0.09335021980880231,-5.405342179297224,-2.7091378848869927,0.7116488088283199,-0.3254056971750158,2709.1378848869927,8051.076888158286
134,surrogate_cell_00134,1.0581456,1.0626756,1.0614022,1.5423417,-0.48093949999999985,-0.0002938061518151848,1.0817785005148517,1.0616599,-0.00025769999999991633,-2.3453333333329005e-05,1.0637827111111104,-0.01926541175942087,-0.006562267338421767,6.809043155818979e-05,-0.4381927960295399,7.181460573739385,0.11115378417910687,-6.31909357999093,-2.8356347365954253,1.0875868459149616,-0.44560818096695415,2835.6347365954252,9128.411205301569
135,surrogate_cell_00135,1.0546126,1.0596218,1.0586034,1.5398422,-0.4812388000000001,-0.0002882343738373854,1.0785335115049508,1.0589116,-0.00030820000000009173,-3.663333333328356e-05,1.0622073222222168,-0.013947664986670993,-0.0026673100088452344,4.822636067824826e-05,-0.22003463859715142,5.217675851042813,0.05534090336153424,-6.256641084064989,-2.72159674165243,0.5666587730394386,-0.4784246248788964,2721.59674165243,7973.747597212561
136,surrogate_cell_00136,1.0538135,1.0582107,1.0571874,1.545338,-0.4881506,-0.0002899273111311259,1.0773873719009908,1.0575945,-0.00040709999999988256,-5.227166666662235e-05,1.062398263888884,-0.029489811628482188,-0.011615626094100436,0.00015311615412795767,-0.19763369675771336,12.09185597920972,0.2880389236859046,-4.955501829860593,-2.5462480690624307,0.9575702204586171,-0.36024029934753315,2546.2480690624307,7440.949449662772
137,surrogate_cell_00137,1.0593241,1.0645676,1.0640012,1.5482879,-0.48428669999999996,-0.0002859517575757629,1.0836712060000004,1.0642563,-0.00022149999999987457,-2.8936666666644963e-05,1.0668946166666642,-0.014810621437331029,-0.0034955739825407793,5.3349398294315186e-05,-0.20919968720231366,5.717219902539066,0.06556843576173119,-5.471694140808253,-2.7147046469258216,0.6320129882588836,-0.4339768833070935,2714.7046469258216,8001.634308299534
138,surrogate_cell_00138,1.0413127,1.0458668,1.0452518,1.5202821,-0.4750303,-0.0002826897503750436,1.0647295896435651,1.0455627,-0.00031090000000011386,-3.920999999996735e-05,1.049138916666663,-0.015268561065222008,-0.004143251988268381,5.4119478148634654e-05,-0.1709654895976601,6.0576330552969635,0.07128601518692455,-5.492275566755085,-2.6485268187573716,0.5634259293558689,-0.41973924953810515,2648.5268187573715,7578.120239032912
139,surrogate_cell_00139,1.0660139,1.0703418,1.0688882,1.5440097,-0.4751215,-0.00029104430423042884,1.0892807960594062,1.0693258,-0.000437600000000149,-5.500666666664483e-05,1.0742998444444418,-0.019778847571617186,-0.006824445704596876,6.963057555045324e-05,-0.4427493780459003,7.356167431628985,0.116203634725444,-4.977561362151653,-2.7280691367421843,0.8224391198088242,-0.2511929303200024,2728.069136742184,8264.800334654072
140,surrogate_cell_00140,1.0614789,1.0654109,1.0650522,1.5446862,-0.4796339999999999,-0.0002825071197119735,1.0844114294257428,1.065353,-0.0002161999999998887,-2.205999999994867e-05,1.067320911111106,-0.0230302207180193,-0.007489479551223955,8.782431749504305e-05,-0.6126919327659576,7.906277820845783,0.14391662144324482,-6.107151583749324,-2.7809903975684884,0.9792895646848228,-0.32013161535113294,2780.9903975684883,8713.19715605296
141,surrogate_cell_00141,1.0558245,1.0609045,1.0611308,1.5353482,-0.4742174000000001,-0.0002727679477947772,1.079854084415842,1.061427,-0.0002961999999999687,-3.487333333328183e-05,1.0645880555555498,-0.026599941926604864,-0.009814143096788863,0.00011508870599057406,-0.4708023064624315,9.842017660723943,0.21140611071482254,-7.268698033729764,-2.9838784479296576,1.888371797294755,-0.4538703279118716,2983.878447929658,10791.90238931386
142,surrogate_cell_00142,1.0380232,1.0433176,1.0446088,1.5275249,-0.48291609999999996,-0.00026809167956795793,1.062878606138614,1.0448577,-0.00023810000000001885,-3.1456666666626415e-05,1.0477430499999956,-0.019404887835895113,-0.005423158482282305,8.130196859941545e-05,-0.384692980403297,7.33682154680924,0.11071261652336598,-5.331585482750687,-2.6258097902689888,0.6663879748560843,-0.4387012962000184,2625.8097902689888,7561.265029528557
143,surrogate_cell_00143,1.0570256,1.0618157,1.0613511,1.5504971,-0.4891460000000001,-0.00029014426222622044,1.081344945980198,1.0616119,-0.00023789999999990208,-3.4663333333302655e-05,1.0647843388888854,-0.02465069241447282,-0.009725754764652844,0.00010534170793359886,-0.31318200067652824,9.827546501060361,0.19993201367576635,-6.811779652055655,-2.795049607493539,1.4010142375760533,-0.5639083229577297,2795.049607493539,9213.316545925842
144,surrogate_cell_00144,1.0480165,1.0530448,1.0535363,1.5398543,-0.48631800000000003,-0.000277026970897101,1.0724614360594065,1.0537826,-0.0002462999999999216,-3.044833333331007e-05,1.0565428472222196,-0.019837138257816078,-0.0062173085645182554,7.18866288592761e-05,-0.5240242095220168,7.099404948711781,0.11054155464570814,-5.060669382656082,-2.688995284469781,0.7012832629630227,-0.24317783617473107,2688.995284469781,7931.978902863741
145,surrogate_cell_00145,1.0444382,1.0497061,1.0511405,1.5363233,-0.4851828,-0.00026886066186618734,1.0693347857623763,1.0512841,-0.00014359999999991047,-3.0636666666622076e-05,1.0539717722222173,-0.019592165563090957,-0.005111068883750322,6.88062759700436e-05,-0.7347132153238515,6.3382282145435145,0.09492930110448439,-5.317651288041654,-2.7174529364939928,0.6329141749661693,-0.2007941706174653,2717.4529364939926,8017.4646370259925
146,surrogate_cell_00146,1.0653095,1.0687187,1.0666162,1.5656719,-0.4990557,-0.00031191880768077464,1.0885407399801985,1.0670671,-0.00045090000000014285,-5.155499999995392e-05,1.0717510694444394,-0.026469051754788975,-0.009165010201701122,0.0001225090708508133,-0.4917142855680221,9.71055009004459,0.20650648284809897,-6.103377139431177,-2.6033966831423783,0.794707361363256,-0.2566064073888968,2603.396683142378,7572.381651159992
147,surrogate_cell_00147,1.0558932,1.061627,1.061412,1.5518724,-0.4904603999999999,-0.00028546142634263815,1.0809435956039606,1.0616684,-0.00023010000000001085,-2.8604999999981024e-05,1.0642824638888868,-0.02422732086508672,-0.009124716736754137,0.00010264710379603291,-0.3760827101504093,9.305199744522591,0.18590755932203396,-7.226495194218225,-2.8118577664641213,1.3652366233073183,-0.8105184098066882,2811.857766464121,9271.780722131914
148,surrogate_cell_00148,1.0625176,1.0673791,1.0664812,1.5518473,-0.4853661,-0.00028993060786078675,1.086473419089109,1.0668499,-0.0003687000000001106,-3.565666666663346e-05,1.0700610055555517,-0.020259737548216417,-0.0069924448487147985,7.937855829891151e-05,-0.3663434858465991,7.865429419896786,0.12827284326122965,-5.525490552793772,-2.6573947941571103,0.7652687400855205,-0.33200211505995775,2657.3947941571105,7827.015832098832
149,surrogate_cell_00149,1.0342008,1.039098,1.0379725,1.5277702,-0.4897977,-0.00029794110771077853,1.0590222048316833,1.03851,-0.0005375000000000796,-6.704499999998564e-05,1.0446002083333317,-0.015347897013969325,-0.0021419572499710693,7.411320688585159e-05,0.20638242751561423,6.276032426278613,0.07870118774655521,-5.25293439783081,-2.6275877838741857,0.5549815061707251,-0.47872947155236445,2627.587783874186,7459.19906813558
150,surrogate_cell_00150,1.0618517,1.0664227,1.0656708,1.5436335,-0.4779627000000002,-0.00028480360996099873,1.0854602186930695,1.0660033,-0.00033250000000006885,-3.9543333333306857e-05,1.069575472222219,-0.014321325650608174,-0.0038639664797109016,4.323739747444068e-05,-0.3546252556544575,5.313624938517799,0.058167634430770145,-6.274013382856962,-2.7411943710065985,0.6168627691805895,-0.47380723295543276,2741.1943710065984,8131.009348818851
151,surrogate_cell_00151,1.0455484,1.0505079,1.0494149,1.5191888,-0.4697739000000001,-0.0002854075043504436,1.069223315465347,1.049727,-0.00031210000000014837,-4.248333333332412e-05,1.0535830611111099,-0.016835331075377935,-0.004956766179795294,6.367536436693336e-05,-0.2765648395621971,6.661233548281928,0.08824489532809578,-5.396911534582253,-2.669587392328401,0.686722648547372,-0.44749931461483944,2669.5873923284007,7813.419493826122
152,surrogate_cell_00152,1.0639865,1.0682025,1.0673734,1.5454715,-0.4780981000000002,-0.0002870242496249639,1.0873327223564357,1.0677451,-0.00037170000000008585,-3.9144999999939615e-05,1.0712917416666603,-0.025298416026395487,-0.01056896614578319,0.00011532741454179645,-0.2167665366398145,10.655554851832187,0.2270304599325076,-5.936909146786854,-2.7364411433288884,1.3363881202682415,-0.5004593581446501,2736.4411433288883,8824.498251171357
153,surrogate_cell_00153,1.0629405,1.0680724,1.0665463,1.5420871,-0.4755408000000001,-0.00029380536033603874,1.0869864443366342,1.0667734,-0.0002271000000000356,-3.0028333333276445e-05,1.0695110249999942,-0.018343865168369167,-0.005957930555726383,6.290320640454914e-05,-0.46935517807808574,6.775535948712022,0.09840014291140724,-5.5165411335404375,-2.7070702733166643,0.7146019389995328,-0.2902501515258309,2707.0702733166645,8042.831403674296
154,surrogate_cell_00154,1.0644392,1.0687441,1.0671833,1.5462165,-0.47903320000000016,-0.0002934898997899873,1.0875685040396044,1.0675341,-0.0003508000000000955,-4.031999999995862e-05,1.0712039111111065,-0.017148373666975858,-0.005065568330350839,5.8658160442030145e-05,-0.44244988950477687,6.313215066045354,0.08431814295148352,-5.40254198923768,-2.713199490720077,0.6744278605782904,-0.2800325348402029,2713.199490720077,8035.8793370219755
155,surrogate_cell_00155,1.0670955,1.0712755,1.0705044,1.5470579,-0.4765535000000001,-0.0002857779603960478,1.0901454860396045,1.0707856,-0.00025300000000005873,-3.874499999995871e-05,1.07430891944444,-0.019986210497381363,-0.007120109037801783,7.155479191848778e-05,-0.4154837303058944,7.583045818789361,0.1222507446286744,-6.395755294402817,-2.7173192180002785,0.847076455374078,-0.37544141411308285,2717.3192180002784,8230.900187887724
156,surrogate_cell_00156,1.0523875,1.0566013,1.0553108,1.5344667,-0.4791559000000001,-0.00029162551095109616,1.0756125247920794,1.0556395,-0.0003287000000000706,-3.412333333329003e-05,1.0587538055555508,-0.015224454463063752,-0.0036651195637320195,5.0353678157037224e-05,-0.3862121941555184,5.50430000923247,0.06378677957348843,-5.1786894586470105,-2.7282015295658666,0.5948474078310576,-0.30808707158410636,2728.2015295658666,8037.930993756592
157,surrogate_cell_00157,1.050887,1.0547752,1.0535136,1.5239872,-0.47047360000000005,-0.0002889758313831454,1.073581420653466,1.0538188,-0.00030519999999989444,-3.488833333328915e-05,1.0568577361111062,-0.016007482973123488,-0.0037259361243041616,5.5656364566744154e-05,-0.3820268316661983,5.7543307526373,0.06953896456913887,-5.006272386462059,-2.7406892799595415,0.6703146929574796,-0.3649498877756351,2740.6892799595416,8181.692422242629
158,surrogate_cell_00158,1.0528933,1.0562229,1.0570126,1.5274113,-0.47039870000000006,-0.0002786532349235045,1.076179271128713,1.0570499,-1.3800000000063761e-05,5.296666666704258e-06,1.056493649999996,-0.019275068656961936,-0.005772560610025515,6.598268583744908e-05,-0.6037687687582055,6.63865816039057,0.09930514183386722,-5.9081265949300645,-2.7064914053048987,0.6712426808717556,-0.24464948385161542,2706.4914053048988,7996.338407861043
159,surrogate_cell_00159,1.0310553,1.0365607,1.0376804,1.519171,-0.4814906000000001,-0.00027010853525352685,1.0560971804950496,1.0378987,-0.0002183000000000046,-2.8383333333303894e-05,1.040366949999997,-0.012284694791212525,-0.001004035629432853,7.41313264481746e-05,0.8038324187847039,6.137425998435066,0.07513941399334523,-5.7946761499097175,-2.621790482289237,0.5668188192748057,-0.7453697603039741,2621.790482289237,7440.6041522972355
160,surrogate_cell_00160,1.0591466,1.0633613,1.0613682,1.5421336,-0.4807654000000001,-0.0002913019159916017,1.0826600578415844,1.0628141,-0.00117389999999995,-9.280666666662493e-05,1.0713037111111066,-0.02314931125931352,-0.007366424109844707,9.08711289270209e-05,-0.6289448102021498,7.912408301093384,0.14513533309312227,-5.796294981513702,-2.7197127960820944,0.822620992904141,-0.20941711538759494,2719.7127960820944,8219.458686076825
161,surrogate_cell_00161,1.0658426,1.0700693,1.0700121,1.5414135,-0.47140139999999997,-0.00027795616741674767,1.0889530432871293,1.0701432,-0.00012839999999991747,-1.8949999999931424e-05,1.071839761111104,-0.023124811801669365,-0.008471599005571154,9.019566992969455e-05,-0.4332016450311826,8.623257969349961,0.16196365964088869,-6.272755188844117,-2.8592264675909695,1.3049619180766627,-0.3615369344023639,2859.2264675909696,9480.137911049398
162,surrogate_cell_00162,1.0534856,1.0579095,1.0575595,1.5318207,-0.47426119999999994,-0.000280092701470155,1.0769025697227725,1.0577397,-7.150000000000212e-05,-2.251999999996219e-05,1.059727799999996,-0.0215494028669454,-0.006774409611577783,8.303712274488091e-05,-0.5841213375956595,7.560810548198175,0.12892974833031837,-5.568937752738025,-2.7096303446765218,0.7829132531831651,-0.2313769310316377,2709.630344676522,8125.009857974973
163,surrogate_cell_00163,1.0648526,1.0701472,1.0696553,1.5529215,-0.4832662000000001,-0.00028540063606361096,1.0893210194851488,1.0699173,-0.0002583000000000446,-3.186166666662737e-05,1.072825558333329,-0.02218687509008954,-0.008163175899030291,8.417802276863636e-05,-0.44993254376093506,8.284309192885235,0.15081546352714537,-6.129715286842646,-2.8583074469004526,1.2243768568319338,-0.307665343942222,2858.3074469004528,9394.298317838518
164,surrogate_cell_00164,1.0349033,1.0392213,1.041948,1.5249783,-0.4830302999999998,-0.0002656001548154856,1.0598684516633665,1.0420374,-2.199999999996649e-05,-5.016666666036356e-07,1.042005969444438,-0.01834130253448596,-0.0047615533950404005,7.875429911995762e-05,-0.2506672774630737,7.171260967698609,0.10142668985377838,-6.320516032224132,-2.5922236923102635,0.6107662068842732,-0.5615530294129406,2592.2236923102637,7330.38987785893
165,surrogate_cell_00165,1.0292783,1.0343308,1.0361768,1.5134947,-0.4773179000000001,-0.0002589871401140168,1.0534588004356438,1.0361974,-2.0600000000037255e-05,-8.304999999950172e-06,1.0368909194444391,-0.01554220681431251,-0.002639392152608559,7.886715840032038e-05,0.2752330551748283,6.663388759454019,0.08583354933557201,-6.929472125085064,-2.61302227754676,0.6479540947362319,-1.0346193686820182,2613.02227754676,7475.8395176918875
166,surrogate_cell_00166,1.0399109,1.0442266,1.0445849,1.5331708,-0.4885858999999999,-0.0002813762502250311,1.0641178133861389,1.044996,-0.0004078000000000692,-5.016666666660228e-05,1.0495624777777712,-0.018103598372613883,-0.003937500964086152,7.370255521853087e-05,-0.3638718143483701,6.521755145538981,0.08920646906071025,-6.265058049027389,-2.7201981783376086,0.7897717803309781,-0.6619420328147256,2720.1981783376086,8189.249909762221
167,surrogate_cell_00167,1.0490916,1.0539466,1.0528173,1.5239317,-0.4711143999999998,-0.00028426207980798674,1.072575662950495,1.0532078,-0.0003641999999999257,-5.13866666666567e-05,1.0578950777777765,-0.017084119344793258,-0.0037978762697557277,6.359681739687037e-05,-0.4536317861134721,5.97940420286558,0.07802068155724405,-5.705759147067108,-2.797210977171215,0.8179345296070208,-0.4238932169489628,2797.210977171215,8642.323780414165
168,surrogate_cell_00168,1.0380272,1.0423797,1.0422268,1.5260483,-0.4838215000000001,-0.0002835534491449135,1.0617646347326732,1.0424526,-0.00022580000000016476,-2.9721666666680128e-05,1.0451783472222234,-0.01721799259038348,-0.005099527070462976,6.44241359393595e-05,-0.2942667202802865,6.7359264782703665,0.09042931228174422,-5.492649178181344,-2.6619849084084626,0.6892348057982105,-0.5429021361129038,2661.9849084084626,7775.398458392621
169,surrogate_cell_00169,1.0555121,1.059746,1.0588768,1.5230694,-0.46419260000000007,-0.0002793151197119744,1.0783098034257428,1.0592767,-0.0003999000000001196,-5.422999999997531e-05,1.064205727777775,-0.016274809671868784,-0.004668648624096961,5.0539447226412904e-05,-0.5078920913731572,5.75630659915465,0.07233572720169534,-5.297702786446439,-2.7808787029628528,0.7155132487540377,-0.27205636714092174,2780.878702962853,8448.799609346399
170,surrogate_cell_00170,1.056492,1.0608406,1.0600475,1.533891,-0.47384349999999986,-0.0002840263390339065,1.0797049177821783,1.060328,-0.0002804999999999058,-3.029666666658343e-05,1.063014627777769,-0.022936581716811677,-0.00813279236989801,9.117840404755769e-05,-0.4576960599033808,8.4913613152802,0.157320715779429,-5.884220149086592,-2.7631085278538605,1.0835459931799178,-0.536355637456803,2763.1085278538603,8718.314729878646
171,surrogate_cell_00171,1.0520121,1.0561202,1.0558692,1.546086,-0.4902168,-0.0002904509468946908,1.0757814848712872,1.0560287,-0.00015949999999986808,-1.9549999999952042e-05,1.0578108722222173,-0.01607477428231041,-0.004368569331613069,5.576700664916441e-05,-0.3154806695569562,6.095771634425926,0.07485140465427466,-6.9032001362759,-2.6992875358091863,0.738991806435326,-1.148149970200421,2699.2875358091865,8025.145007410156
172,surrogate_cell_00172,1.0714196,1.0754625,1.0741812,1.5548965,-0.48071529999999996,-0.00029325335013502107,1.0944602328316835,1.0744783,-0.00025460000000010474,-2.905166666662486e-05,1.0770840527777732,-0.018905637776046036,-0.005999367677945526,6.903506361611107e-05,-0.43987103285740764,7.005035527328887,0.10502747615128859,-5.773289024302012,-2.8090140357116824,1.0412636714796535,-0.5507407964642261,2809.0140357116825,8931.82352430489
173,surrogate_cell_00173,1.0620241,1.0675009,1.0674154,1.5483644,-0.48094900000000007,-0.0002778178325832647,1.0865382067128715,1.0677621,-0.00034669999999992207,-3.915499999994706e-05,1.0713154027777723,-0.022824943024533972,-0.008956956639562337,9.262584094024351e-05,-0.33203121998402507,9.047597633213226,0.17285291318324333,-6.218606625754511,-2.835849312858442,1.3062079338463402,-0.3584693340745986,2835.849312858442,9348.249259086037
174,surrogate_cell_00174,1.072902,1.0776039,1.0769717,1.5583242,-0.48135249999999985,-0.0002856668454845502,1.096808786851485,1.0774236,-0.00045189999999983854,-4.980499999994524e-05,1.0818440972222165,-0.02601665171292422,-0.010947056940053686,0.00012536092689602102,-0.23675478492033758,10.984108465357371,0.24519898254479863,-6.84350994063883,-2.8619907441652193,1.7850353727538508,-0.6193614166777976,2861.9907441652194,9976.026392441236
175,surrogate_cell_00175,1.0627245,1.0667815,1.0674375,1.5625523,-0.49511479999999986,-0.000280636686468656,1.0865198839801986,1.0676808,-0.00024329999999994634,-2.169499999993239e-05,1.069622913888882,-0.022480842563046166,-0.007846055536724971,8.665662591588366e-05,-0.4663166356966686,8.242649855798085,0.1482172134012562,-5.296663244201928,-2.7384527915104555,0.9281094681608003,-0.21635741547954535,2738.4527915104554,8427.233159492203
176,surrogate_cell_00176,1.0528047,1.057816,1.0564069,1.5296303,-0.47322339999999996,-0.00028722132253225095,1.0765314534653467,1.0568798,-0.00039919999999993294,-5.673499999994543e-05,1.0620370916666608,-0.03387916059126761,-0.014563056607174597,0.0002121883144875605,-0.11865735620002711,14.641578735178296,0.4242709322313321,-6.394072458745668,-2.7038256307120268,1.5935957835684078,-0.4368934301850399,2703.825630712027,8904.268824863699
177,surrogate_cell_00177,1.0499994,1.054382,1.0545915,1.5237358,-0.4691443000000002,-0.00027039816021602906,1.0732803649306932,1.0549777,-0.000244800000000156,-3.316999999998024e-05,1.057992294444442,-0.011813521234641522,-0.0014144309125946513,3.071943962055188e-05,-0.7764713753381239,3.907986148955287,0.03272005442705521,-6.351975259374753,-2.981942157437518,0.8954972501551769,-0.729267069267304,2981.942157437518,9787.476280458295
178,surrogate_cell_00178,1.0700444,1.0754695,1.0759641,1.5424607,-0.46649659999999993,-0.0002624723282328293,1.0940010892475251,1.0763133,-0.00034920000000004947,-3.9803333333306126e-05,1.0799322055555527,-0.023370444646366617,-0.00913646423964629,9.405398796340639e-05,-0.3383006079471553,9.235751240651034,0.17752896676574184,-7.169937933516928,-2.81586472568503,1.3898496960225826,-0.6063478525645568,2815.8647256850304,9318.943849379812
